,Mean,Standard Deviation
First Time,101.30079123421282,25.19294797592749
Second Time,0.003677407072603453,0.986407851550561
